source_id,source_type,video_id,parent_id,is_reply,author,text,like_count,public
Ugz1MTxgPTP9gGan_e14AaABAg,comment,JgySpSlQQyE,,False,@vicentevaldez1696,In cabin noise?,0,True
UgwbkGWXqtj6vCBmPHB4AaABAg,comment,JgySpSlQQyE,,False,@MrAlsooti,I felt it’s a bit bumpy… doesn’t look comfortable to me what you think ?,0,True
UgwbkGWXqtj6vCBmPHB4AaABAg.AU0FKvTyFiQAU2rhv_ATcu,comment,JgySpSlQQyE,UgwbkGWXqtj6vCBmPHB4AaABAg,True,@emperornephew6487,What's the best byd car that can absorb shocks?😊,0,True
UgygCIK6tMMksOuMnt94AaABAg,comment,JgySpSlQQyE,,False,@alphabeta9068,Combien de kilomètres en roulant à 180kms/h ?,0,True
Ugw6O5Ff8UIzgQngvD54AaABAg,comment,JgySpSlQQyE,,False,@uzdik.student,This speed would drain the battery fast,0,True
Ugx4nZdpquoelgIXIxl4AaABAg,comment,JgySpSlQQyE,,False,@IvorySilence44,"As a BYD car owner in China, my honest feeling is: the car's design and technology are pretty impressive👌, but the IVI is just bullshit💀. It feels like BYD's R&D and tech support teams aren't even on the same page. Their tech support team is totally slowing down the R&D department.🙄",0,True
Ugx4nZdpquoelgIXIxl4AaABAg.ALDgWs4VT22ALDgvJYY-aR,comment,JgySpSlQQyE,Ugx4nZdpquoelgIXIxl4AaABAg,True,@IvorySilence44,Its car key also brought down the overall level. BYD could definitely do better.,0,True
Ugyw8szv05foiLkbUO54AaABAg,comment,JgySpSlQQyE,,False,@centralkingdom8141,The head designer of BYD   is a German I believe.,0,True
Ugyw8szv05foiLkbUO54AaABAg.AK-9eUQdoztANK8l6hiWt9,comment,JgySpSlQQyE,Ugyw8szv05foiLkbUO54AaABAg,True,@yongyuli-u1c,😂😂😂arrogant,0,True
UgyCcuQ9d0MznDNl5m54AaABAg,comment,JgySpSlQQyE,,False,@eden20111,"If this car sold in America, it would sell for $80-90,000. While china sells these cars for $30,000. Let that sink in.",0,True
UgxzlBF29vqRrLNu8jZ4AaABAg,comment,JgySpSlQQyE,,False,@niggalack,How did you get the car there?!?,0,True
UgxzlBF29vqRrLNu8jZ4AaABAg.AG80ChtPwgzAQK4939hRiO,comment,JgySpSlQQyE,UgxzlBF29vqRrLNu8jZ4AaABAg,True,@VAGtuner,BYD has a dealerships in Germany and other Europe countries. They became an official world football championship sponsor at 2025 year!,0,True
UgzhzyaISncyA7TtjXB4AaABAg,comment,JgySpSlQQyE,,False,@pajeetsingh,Is that 187km/hr?,0,True
Ugz2ukOBbsxVs3PLy8Z4AaABAg,comment,JgySpSlQQyE,,False,@Johnny01139,My next car will be EV ... Definitely not a Tesla,0,True
UgxfjzKHOjSmRtkxIB14AaABAg,comment,JgySpSlQQyE,,False,@athiele9654,For Germany its to slow in High 185  its very slow bmw and other drive over 250 kmh But its a nice car i would try it,0,True
UgxU7iiEwq2I4TSY_914AaABAg,comment,JgySpSlQQyE,,False,@DudeKongo,is it fun drive?,0,True
UgxQduP-UyNlXBYa6ll4AaABAg,comment,JgySpSlQQyE,,False,@mohammedjihad9753,Is the max speed is 187 km/h 😢 2:40,2,True
UgxQduP-UyNlXBYa6ll4AaABAg.AD2AwCveBkdAREYf2NB-01,comment,JgySpSlQQyE,UgxQduP-UyNlXBYa6ll4AaABAg,True,@DudeKongo,yes,0,True
Ugzkw9PsVwNS3MqOU6d4AaABAg,comment,JgySpSlQQyE,,False,@TuanAnhDA68,Noise is so low in this car😮😮,0,True
Ugzkw9PsVwNS3MqOU6d4AaABAg.AD-mpUInSgxADE4Lm37r9X,comment,JgySpSlQQyE,Ugzkw9PsVwNS3MqOU6d4AaABAg,True,@Neoxuan-g8d,Is a air sound from the car rubber wheel and no engine sound is perfect 👍,0,True
Ugw06UbbJsf-_Ow---p4AaABAg,comment,JgySpSlQQyE,,False,@VaheGabrielyan-z1n,Excellent 👌,1,True
Ugwkd-NMnXahmlbReA14AaABAg,comment,JgySpSlQQyE,,False,@ferjacc,"love the video
i would suggest you put the camera a little lower next time",3,True
UgzIqQwHYvVbYr9tmsx4AaABAg,comment,JgySpSlQQyE,,False,@inginmenyerlah,Dayumm this car so quiet 😅😅,1,True
Ugy6D9YnhObqxCKe-654AaABAg,comment,JgySpSlQQyE,,False,@TheM1988z,"Build your dreams , such a beautiful catchy name",9,True
Ugy6D9YnhObqxCKe-654AaABAg.A4n4cDuLiX3A4n9NqcTQE0,comment,JgySpSlQQyE,Ugy6D9YnhObqxCKe-654AaABAg,True,@car_spotter_belgium,For sure!🙌,1,True
UgxfsO_QHWVrIv18cu94AaABAg,comment,JgySpSlQQyE,,False,@jgarciactba,"Olha, um Top Speed de 220 kms seria bem mais interessante e o suficiente. Exatamente no nível de um A3.",0,True
Ugx-a1nOwBoXGrm4pPV4AaABAg,comment,JgySpSlQQyE,,False,@kumir_,"3:36 da miedo como va!, parece como si fueses en un autobus a esa velocidad. Yo, detras del monitor siento que pesa!, que cualquier falso movimiento y estoy fuera de la carretera!",0,True
Ugw1JyKSe-rYoEbKWhx4AaABAg,comment,JgySpSlQQyE,,False,@mmiller3688,Once folks see it runs in cold weather then every Tesla in America will be in eBay,1,True
UgzEgnFns1jyWiehAYR4AaABAg,comment,JgySpSlQQyE,,False,@Ceo-dj6bs,187 top speed,0,True
Ugz4U0wrqqXAXmbQww54AaABAg,comment,JgySpSlQQyE,,False,@Guilherme-Lamm,slow car keep right in Autobahn Danke!,0,True
UgzUA-CNZVE5A5yi5Cx4AaABAg,comment,JgySpSlQQyE,,False,@vip_intrend,Flagship🫢,0,True
UgyP1VZLtSFVR9bISZx4AaABAg,comment,JgySpSlQQyE,,False,@patriotamas3216,Is there a gasoline version?,1,True
UgyP1VZLtSFVR9bISZx4AaABAg.A0cuv3Lg26gA0cy8HDky68,comment,JgySpSlQQyE,UgyP1VZLtSFVR9bISZx4AaABAg,True,@car_spotter_belgium,"There is a petrol version, a 1.5L and a 2L hybrid, but they are only available in China. European import is only the electric version, and in my eyes it is also the best one😉",3,True
UgxzkybfrOr3efT9eEN4AaABAg,comment,JgySpSlQQyE,,False,@Mirzobekhruzumarov,"Is it possible to remove top speed limiter? Will it have negative impact on transmission, engine or on battery…?",1,True
UgxzkybfrOr3efT9eEN4AaABAg.A0MHnlB5VgjA0N5JJoVcJc,comment,JgySpSlQQyE,UgxzkybfrOr3efT9eEN4AaABAg,True,@car_spotter_belgium,"That's a really good question. It could definetly use a higher topspeed. But I do know that the higher the speed, the more the battery needs to deliver, so that could be possibly a problem",0,True
UgxzkybfrOr3efT9eEN4AaABAg.A0MHnlB5VgjA8IJWtU13Ke,comment,JgySpSlQQyE,UgxzkybfrOr3efT9eEN4AaABAg,True,@pavelusenko25,"Don't remove limits! Because it too dangerous. High speed needs powerful battery. If you take out limites, the battery can be damaged or too quick degradated.",0,True
UgxzkybfrOr3efT9eEN4AaABAg.A0MHnlB5VgjAET3Sorzyxv,comment,JgySpSlQQyE,UgxzkybfrOr3efT9eEN4AaABAg,True,@unknownunknowns,@pavelusenko25And that is the point of the autobahn. It helps raise reliability standards.,0,True
UgyVUucn4xfMaGThtqd4AaABAg,comment,JgySpSlQQyE,,False,@D00MINIK,"How long did you drive estimated on high speed before you did that Acceleration from 0? You did that after the Autobahn run when i'm right. The Car didn't deliver anything near it should, i had the same effect in my Test Drive with the Han, needed over 6s 0-100kmh, so very slow. My guess is that the Motors overheat fast in the Byd Han and Seal (Carmaniac Video) and then reduce power massively. The Car also showes only 200Kw and it does accelerate like 200Kw. Not absolutely bad, an Vw id7 with 210Kw is slower after 100kmh but nevertheless only equally fast as an Bmw ix3/ Tesla Model 3/Y Sr",1,True
UgyVUucn4xfMaGThtqd4AaABAg.9z9EDjqG9qz9zDlTyt1IyL,comment,JgySpSlQQyE,UgyVUucn4xfMaGThtqd4AaABAg,True,@car_spotter_belgium,"Yes indeed, that's a fact. I also experienced the same thing with it and that also happens here in the video, it is not always giving it's full amount of power.",1,True
UgyVUucn4xfMaGThtqd4AaABAg.9z9EDjqG9qz9zEDFTSrq0J,comment,JgySpSlQQyE,UgyVUucn4xfMaGThtqd4AaABAg,True,@D00MINIK,@car_spotter_belgium You know how long you drove before it cut power? Or is it basically all in the Video?,0,True
UgyVUucn4xfMaGThtqd4AaABAg.9z9EDjqG9qz9zGMsv60NNK,comment,JgySpSlQQyE,UgyVUucn4xfMaGThtqd4AaABAg,True,@car_spotter_belgium,"@D00MINIK That happens quickely, here in this video I have already driven an hour to the autobahn, because I live in Belgium. But if you accelerate for example at full throttle about 3 times, the 4th time can be with the half amount of power",2,True
UgyVUucn4xfMaGThtqd4AaABAg.9z9EDjqG9qzA8IJ4PKYtO1,comment,JgySpSlQQyE,UgyVUucn4xfMaGThtqd4AaABAg,True,@pavelusenko25,Full power you can get only at 90%+ battery.,0,True
UgyVUucn4xfMaGThtqd4AaABAg.9z9EDjqG9qzA8ISS3D0Iig,comment,JgySpSlQQyE,UgyVUucn4xfMaGThtqd4AaABAg,True,@D00MINIK,"@pavelusenko25  Yes of course. But we're talking here not about don't getting the absolute Peak Power, we're talking about cutting the Power in HALF. I've never experienced that in a Tesla Model 3 or Y Lr, even with hours of German Autobahn Full Throttle/ Fast Charging and so on.... Sure there was traffic, but often touching Top Speed and most time being from 150-200kph was possible. So the only time my Y Lr was cutting the Power in nearly (but not completely) half was at 3% SoC where it delivered ""only"" a bit more than 300hp Peak Power. At 10% it's still nearly 400hp.",0,True
UgyVUucn4xfMaGThtqd4AaABAg.9z9EDjqG9qzAHkpLZZIrBU,comment,JgySpSlQQyE,UgyVUucn4xfMaGThtqd4AaABAg,True,@iterpretator,​@D00MINIK kmh or mph but no kph ;) have a nice day,0,True
UgyVUucn4xfMaGThtqd4AaABAg.9z9EDjqG9qzAHlb3GYeH6I,comment,JgySpSlQQyE,UgyVUucn4xfMaGThtqd4AaABAg,True,@D00MINIK,"@iterpretator 
kilometers AE per hour [ abbr.: kph, kmph] symbol: km/h",0,True
UgwgAvHgmL8dytp1njd4AaABAg,comment,JgySpSlQQyE,,False,@ianpolo5673,Man. This is so sleek and stylish. It seems very hush even at 180km/h. Is good to test its wipers at high speed to see if they work.,19,True
UgwgAvHgmL8dytp1njd4AaABAg.9z3bPGENnkTA6VSwIpL6OF,comment,JgySpSlQQyE,UgwgAvHgmL8dytp1njd4AaABAg,True,@博学多才的隔壁老王,它的最快时速180😂,1,True
UgwgAvHgmL8dytp1njd4AaABAg.9z3bPGENnkTA7DM1Ul9XY3,comment,JgySpSlQQyE,UgwgAvHgmL8dytp1njd4AaABAg,True,@Un_Cha,​@博学多才的隔壁老王 yeah it's true you'll go way quicker than that daily in china...,0,True
Ugwhd6b3EJqJu9aMTDt4AaABAg,comment,JgySpSlQQyE,,False,@Samuel_mm7,No engine sound...,0,True
Ugwhd6b3EJqJu9aMTDt4AaABAg.9z0VHrR6qx89z1M4Q4eK55,comment,JgySpSlQQyE,Ugwhd6b3EJqJu9aMTDt4AaABAg,True,@car_spotter_belgium,The future... electric,0,True
UgyjTrHwcw5QL2x97vN4AaABAg,comment,JgySpSlQQyE,,False,@ollehimages,"BYD-Burn Your Dream , actually , a BYD has burned on youtube",1,True
Ugw3auuqljlug0lSz9N4AaABAg,comment,JgySpSlQQyE,,False,@dev_raga,Does BYD seal have autopilot like Tesla Model 3?,0,True
Ugw3auuqljlug0lSz9N4AaABAg.9y0zlg-pqAJA1dfjKefkS9,comment,JgySpSlQQyE,Ugw3auuqljlug0lSz9N4AaABAg,True,@andreasl4507,No,0,True
Ugw3auuqljlug0lSz9N4AaABAg.9y0zlg-pqAJA1dfk_4EWed,comment,JgySpSlQQyE,Ugw3auuqljlug0lSz9N4AaABAg,True,@andreasl4507,Seal is gay,0,True
Ugw3auuqljlug0lSz9N4AaABAg.9y0zlg-pqAJA75PZaaiznc,comment,JgySpSlQQyE,Ugw3auuqljlug0lSz9N4AaABAg,True,@ahmadahmal2942,Tesla Model 3 has terrible autopilot. Why do u need that in a BYD Seal?,0,True
Ugw3auuqljlug0lSz9N4AaABAg.9y0zlg-pqAJA9hd5PvICel,comment,JgySpSlQQyE,Ugw3auuqljlug0lSz9N4AaABAg,True,@azikjunior3913,Who even uses autopilot all the time? It’s boring and not for everyday drive,0,True
UgywmYFlfcUu9cpL87J4AaABAg,comment,JgySpSlQQyE,,False,@陈俊儒-p6w,The new version Han based on BYD e3.0 platform will be released in 24 spring. The e3.0 platform (also used in seal) will be much better than current platform.,2,True
UgywmYFlfcUu9cpL87J4AaABAg.9x0Vlx-nKiP9x8fu2mzjRU,comment,JgySpSlQQyE,UgywmYFlfcUu9cpL87J4AaABAg,True,@UgglemannenFTW,Are you sure? Where to find this information?,0,True
UgzorfShivM12v22LOd4AaABAg,comment,JgySpSlQQyE,,False,@xvee04,"Fuera de ir tan rápido por la autopista, que autonomía en uso normal te ha dado? Gracias",1,True
Ugyk_8MAxj7ePRbflOl4AaABAg,comment,JgySpSlQQyE,,False,@argrocho,https://www.youtube.com/watch?v=qKa8mVOe5so&t=465s,0,True
UgzHc9IOXQuzb-h53bt4AaABAg,comment,JgySpSlQQyE,,False,@matheusw.monteiro5850,"Great car, but don’t go faster then 180km/h. Fast car 0-100 but for autobahn is not enough. My Jetta 2.0 tsi can win easily 🤣🤣🤣",0,True
UgzHc9IOXQuzb-h53bt4AaABAg.9vZmZExshui9vb1iXEXNwq,comment,JgySpSlQQyE,UgzHc9IOXQuzb-h53bt4AaABAg,True,@car_spotter_belgium,"Haha definetly! But I had the chance to an autobahn run, so why not🤣. But most electric cars are even limited to 160🤯.",2,True
UgzHc9IOXQuzb-h53bt4AaABAg.9vZmZExshui9vblU1kRh5O,comment,JgySpSlQQyE,UgzHc9IOXQuzb-h53bt4AaABAg,True,@matheusw.monteiro5850,"@car_spotter_belgium I really loved electric cars. for sure, it is the future, but there are some technology limitation that must be solved, one of this problem is the speed limit. I think this limit is to preserve battery consumption.",2,True
UgzHc9IOXQuzb-h53bt4AaABAg.9vZmZExshui9vbr3hTO96F,comment,JgySpSlQQyE,UgzHc9IOXQuzb-h53bt4AaABAg,True,@car_spotter_belgium,"@matheusw.monteiro5850 That's indeed the reason. And for now only the most extreme electric cars like the tesla plaid, lucid air,... do have no speed limitation.",0,True
UgzaVElkRVGujg3yYA14AaABAg,comment,JgySpSlQQyE,,False,@taxibandzenica6453,Test more Chinese electric cars on the road,47,True
UgzaVElkRVGujg3yYA14AaABAg.9urKE2MBqtw9us2KfJIITZ,comment,JgySpSlQQyE,UgzaVElkRVGujg3yYA14AaABAg,True,@car_spotter_belgium,I will do my very best in the future!,5,True
Ugw_YQDBoOjtVc67w5V4AaABAg,comment,JgySpSlQQyE,,False,@user-dc9ew8qv4j,"A perfect Car from a Chinese brand,

BYD never disponents me, I would love to see the BYD U9 sport car, it has an acceleration of 100 km in 2.0 seconds which is fast, but I believe if China push harder we will reach 1.2 seconds as well.

competition is perfect, but it will make the German car industry suffer a lot, we will see better and better products with high quality from China, am very proud of them.


let them hunt those European industries one by one, and as we always say: let the best win.",39,True
Ugw_YQDBoOjtVc67w5V4AaABAg.9uqIqu9_LBr9us2BBh74hK,comment,JgySpSlQQyE,Ugw_YQDBoOjtVc67w5V4AaABAg,True,@car_spotter_belgium,"Well, i'm looking forward to the U9 then!😁 But on the otherside your argument about the European cars... it's an unfair competition. The Chinese carindustry is financed by the Chinese gouverment and here in Europe the gouverment is only fighting against those industries. And to be honest, I still do like German cars for example the most, so I will be very very sad if they would lose the battle in EV's",8,True
Ugw_YQDBoOjtVc67w5V4AaABAg.9uqIqu9_LBr9ut4f83P1ly,comment,JgySpSlQQyE,Ugw_YQDBoOjtVc67w5V4AaABAg,True,@user-dc9ew8qv4j,"You are right, but we say don't hate the player hate the game,

China didn't do anything wrong, that is the unfortunate reality of the world,

in competition some will stay and some will go,

but I appreciate your enthusiasm for the german Automobilindustrie

and I hope that all players in this game give us the best of what they have 
👍👍@car_spotter_belgium",0,True
Ugw_YQDBoOjtVc67w5V4AaABAg.9uqIqu9_LBr9yo89HXG14Q,comment,JgySpSlQQyE,Ugw_YQDBoOjtVc67w5V4AaABAg,True,@Sverigeutureueuutursverige,"@car_spotter_belgium No country with a existing car industry isn't being subsidized by their government. China or Europe, check national budgets and it's all there. The idea that their financed by the Chinese state is really just the EU wanting to protect itself from a threat and wanting a scapegoat",0,True
Ugw_YQDBoOjtVc67w5V4AaABAg.9uqIqu9_LBrA1dfeik1ZNI,comment,JgySpSlQQyE,Ugw_YQDBoOjtVc67w5V4AaABAg,True,@andreasl4507,Geek,1,True
Ugw_YQDBoOjtVc67w5V4AaABAg.9uqIqu9_LBrABW6F6pHw1y,comment,JgySpSlQQyE,Ugw_YQDBoOjtVc67w5V4AaABAg,True,@Mert-qm8ub,"​@car_spotter_belgiumEuropean car companies have been subsidized and supported by their govt enough, don't worry",2,True
Ugz0tWqzNuI0d8EPJMJ4AaABAg,comment,JgySpSlQQyE,,False,@aminemarius1825,nice video,1,True
Ugz0tWqzNuI0d8EPJMJ4AaABAg.9uo_Gnj0SAP9uoaMYK082b,comment,JgySpSlQQyE,Ugz0tWqzNuI0d8EPJMJ4AaABAg,True,@car_spotter_belgium,Thanks men! I will do more of these Aurobahn runs soon!😁 with cars that are not limited at 190km/h😜,1,True
Ugz0tWqzNuI0d8EPJMJ4AaABAg.9uo_Gnj0SAP9uofMfEpMlg,comment,JgySpSlQQyE,Ugz0tWqzNuI0d8EPJMJ4AaABAg,True,@aminemarius1825,please do reviews about electric cars like bmw ix 50 ioniq 5 and audi q8@car_spotter_belgium,0,True
UgzxoBIIDf1CWWbcw8t4AaABAg,comment,JgySpSlQQyE,,False,@付跃-g3f,I love it! Do you have chance to test the SEAL model?,7,True
UgzxoBIIDf1CWWbcw8t4AaABAg.9ue3Jz-rALd9ue6HD4FWb6,comment,JgySpSlQQyE,UgzxoBIIDf1CWWbcw8t4AaABAg,True,@car_spotter_belgium,Normaly I will when they have them available for us to test!😁,0,True
UgzKUGgHT_QBPBbg0Yt4AaABAg,comment,JgySpSlQQyE,,False,@ijhugrfcgvhb,"this car looks like an arteon on the side, porsche taycan on the back and kia ev6 on the front",4,True
UgzKUGgHT_QBPBbg0Yt4AaABAg.9ucIm580yGg9ud5sfftkQC,comment,JgySpSlQQyE,UgzKUGgHT_QBPBbg0Yt4AaABAg,True,@car_spotter_belgium,That is just the thing about Chinese cars. It's always a sort of 'copy' from other brands😅,1,True
UgzKUGgHT_QBPBbg0Yt4AaABAg.9ucIm580yGg9unyTkl-k6D,comment,JgySpSlQQyE,UgzKUGgHT_QBPBbg0Yt4AaABAg,True,@wanderingwalle8726,Interesting comparison considering han is almost 2 years older than ev6,17,True
UgzKUGgHT_QBPBbg0Yt4AaABAg.9ucIm580yGgA75Pf4mVE5F,comment,JgySpSlQQyE,UgzKUGgHT_QBPBbg0Yt4AaABAg,True,@ahmadahmal2942,No and no and no.,0,True
UgzKUGgHT_QBPBbg0Yt4AaABAg.9ucIm580yGgA75PkXHfy9O,comment,JgySpSlQQyE,UgzKUGgHT_QBPBbg0Yt4AaABAg,True,@ahmadahmal2942,"@car_spotter_belgium Copy what? BYD Han looks nothing like other cars. 
If you want copy look no further than Ford aston martin scandal.",0,True
UgxlVCE8jGcbwCqNQc14AaABAg,comment,JgySpSlQQyE,,False,@أسامةلشهب-ر7ق,180 Km/h on the Autobahn 😑,4,True
UgxlVCE8jGcbwCqNQc14AaABAg.9uacIaYhUdj9uadUhhMskp,comment,JgySpSlQQyE,UgxlVCE8jGcbwCqNQc14AaABAg,True,@car_spotter_belgium,It is sadly enough limited 😒,1,True
UgzPZIFO1AJH0i1mt0d4AaABAg,comment,JgySpSlQQyE,,False,@car_spotter_belgium,What do you think about the BYD HAN? Make sure to watch the review of this car to if you want know even more about this crazy EV! https://youtu.be/Emn86mlXQ2Y?si=Y-0SHydW_mkxLqMA,1,True
